M,iv,S,P,K,option,tau
0.875872,0.5872,8758.72,26.27616,10000.0,C,0.0219178082
0.9736744444,0.487,8763.07,166.49833,9000.0,C,0.0219178082
1.0018171429,0.4799,8765.9,271.7429,8750.0,C,0.0219178082
0.8551170732,0.6129,8764.95,17.5299,10250.0,C,0.0219178082
0.9730866667,0.4996,8757.78,170.77671,9000.0,C,0.0219178082
1.0303270588,0.4811,8757.78,135.74559,8500.0,P,0.0219178082
1.0020205714,0.4819,8767.68,271.79808,8750.0,C,0.0219178082
0.9749144444,0.4876,8774.23,171.097485,9000.0,C,0.0219178082
0.9749055556,0.488,8774.15,171.095925,9000.0,C,0.0219178082
1.0029337143,0.4797,8775.67,276.433605,8750.0,C,0.0219178082
0.878632,0.5791,8786.32,26.35896,10000.0,C,0.0219178082
0.8572019512,0.6077,8786.32,17.57264,10250.0,C,0.0219178082
0.9518702703,0.4985,8804.8,110.06,9250.0,C,0.0219178082
1.006792,0.4892,8809.43,220.23575,8750.0,P,0.0219178082
1.0076594286,0.4968,8817.02,220.4255,8750.0,P,0.0219178082
1.3048311111,0.8041,8807.61,4.403805,6750.0,P,0.0219178082
1.0364376471,0.4898,8809.72,123.33608,8500.0,P,0.0219178082
0.9787622222,0.5139,8808.86,198.19935,9000.0,C,0.0219178082
1.0363364706,0.4797,8808.86,118.91961,8500.0,P,0.0219178082
1.0384564706,0.5024,8826.88,123.57632,8500.0,P,0.0219178082
0.9559254054,0.509,8842.31,123.79234,9250.0,C,0.0219178082
1.0110125714,0.5026,8846.36,322.89214,8750.0,C,0.0219178082
0.9829288889,0.4775,8846.36,327.31532,9000.0,P,0.0219178082
0.9832644444,0.5001,8849.38,207.96043,9000.0,C,0.0219178082
0.9839888889,0.4948,8855.9,208.11365,9000.0,C,0.0219178082
1.0419929412,0.4896,8856.94,110.71175,8500.0,P,0.0219178082
0.9851211111,0.4949,8866.09,212.78616,9000.0,C,0.0219178082
0.9853611111,0.4921,8868.25,212.838,9000.0,C,0.0219178082
0.9864988889,0.4903,8878.49,217.523005,9000.0,C,0.0219178082
0.9866266667,0.4907,8879.64,217.55118,9000.0,C,0.0219178082
1.0136525714,0.4713,8869.46,186.25866,8750.0,P,0.0219178082
0.9104748718,0.5384,8877.13,48.824215,9750.0,C,0.0219178082
0.9860711111,0.4904,8874.64,319.48704,9000.0,P,0.0219178082
1.0148708571,0.4717,8880.12,182.04246,8750.0,P,0.0219178082
1.0148685714,0.4716,8880.1,182.04205,8750.0,P,0.0219178082
0.88682,0.5802,8868.2,33.69916,10000.0,C,0.0219178082
0.7879573333,0.697,8864.52,4.43226,11250.0,C,0.0219178082
0.9843322222,0.5102,8858.99,217.045255,9000.0,C,0.0219178082
1.0422341176,0.4832,8858.99,106.30788,8500.0,P,0.0219178082
0.9577286486,0.4967,8858.99,124.02586,9250.0,C,0.0219178082
1.0738169697,0.5051,8858.99,57.583435,8250.0,P,0.0219178082
0.9325252632,0.5158,8858.99,75.301415,9500.0,C,0.0219178082
1.10737375,0.5541,8858.99,35.43596,8000.0,P,0.0219178082
1.1430954839,0.5746,8858.99,17.71798,7750.0,P,0.0219178082
0.885899,0.5513,8858.99,26.57697,10000.0,C,0.0219178082
1.1811986667,0.6465,8858.99,13.288485,7500.0,P,0.0219178082
1.2219296552,0.7947,8858.99,17.71798,7250.0,P,0.0219178082
0.8437133333,0.6232,8858.99,13.288485,10500.0,C,0.0219178082
0.824092093,0.6469,8858.99,8.85899,10750.0,C,0.0219178082
1.2653685714,0.7244,8857.58,4.42879,7000.0,P,0.0219178082
0.9854222222,0.4851,8868.8,319.2768,9000.0,P,0.0219178082
0.9854222222,0.4851,8868.8,319.2768,9000.0,P,0.0219178082
0.9854222222,0.4851,8868.8,319.2768,9000.0,P,0.0219178082
0.9856266667,0.478,8870.64,314.90772,9000.0,P,0.0219178082
0.9861733333,0.4897,8875.56,213.01344,9000.0,C,0.0219178082
0.9864033333,0.4781,8877.63,310.71705,9000.0,P,0.0219178082
0.9595048649,0.4872,8875.42,124.25588,9250.0,C,0.0219178082
0.9595048649,0.4872,8875.42,124.25588,9250.0,C,0.0219178082
0.9860844444,0.4763,8874.76,310.6166,9000.0,P,0.0219178082
1.182968,0.6522,8872.26,13.30839,7500.0,P,0.0219178082
0.8662009756,0.6046,8878.56,22.1964,10250.0,C,0.0219178082
0.8456352381,0.652,8879.17,17.75834,10500.0,C,0.0219178082
1.11085,0.5473,8886.8,31.1038,8000.0,P,0.0219178082
1.0767551515,0.5041,8883.23,53.29938,8250.0,P,0.0219178082
1.0194982857,0.4886,8920.61,356.8244,8750.0,C,0.0219178082
0.9653545946,0.4888,8929.53,142.87248,9250.0,C,0.0219178082
0.9922333333,0.5119,8930.1,250.0428,9000.0,C,0.0219178082
1.0506,0.485,8930.1,89.301,8500.0,P,0.0219178082
1.231737931,0.7792,8930.1,13.39515,7250.0,P,0.0219178082
0.8307069767,0.6264,8930.1,8.9301,10750.0,C,0.0219178082
0.892953,0.5833,8929.53,40.182885,10000.0,C,0.0219178082
0.915745641,0.5319,8928.52,53.57112,9750.0,C,0.0219178082
1.116675,0.5872,8933.4,35.7336,8000.0,P,0.0219178082
0.9412031579,0.5297,8941.43,98.35573,9500.0,C,0.0219178082
0.9945066667,0.4797,8950.56,241.66512,9000.0,C,0.0219178082
0.9946455556,0.4939,8951.81,250.65068,9000.0,C,0.0219178082
0.9943522222,0.4718,8949.17,237.153005,9000.0,C,0.0219178082
1.0208114286,0.4787,8932.1,165.24385,8750.0,P,0.0219178082
0.91608,0.5452,8931.78,58.05657,9750.0,C,0.0219178082
0.9929788889,0.4737,8936.81,232.35706,9000.0,C,0.0219178082
0.9934522222,0.4797,8941.07,236.938355,9000.0,C,0.0219178082
1.0523752941,0.4824,8945.19,84.979305,8500.0,P,0.0219178082
0.9932988889,0.4765,8939.69,277.13039,9000.0,P,0.0219178082
1.020464,0.4675,8929.06,357.1624,8750.0,C,0.0219178082
1.0501564706,0.4942,8926.33,93.726465,8500.0,P,0.0219178082
0.9648854054,0.4715,8925.19,437.33431,9250.0,P,0.0219178082
1.020288,0.4692,8927.52,357.1008,8750.0,C,0.0219178082
0.9912033333,0.4804,8920.83,227.481165,9000.0,C,0.0219178082
1.0200217143,0.4903,8925.19,174.041205,8750.0,P,0.0219178082
1.0200411429,0.4907,8925.36,174.04452,8750.0,P,0.0219178082
1.0200411429,0.4718,8925.36,357.0144,8750.0,C,0.0219178082
1.0201554286,0.4718,8926.36,357.0544,8750.0,C,0.0219178082
1.0201554286,0.4718,8926.36,357.0544,8750.0,C,0.0219178082
1.0201554286,0.4718,8926.36,357.0544,8750.0,C,0.0219178082
1.0201554286,0.4718,8926.36,357.0544,8750.0,C,0.0219178082
1.0201554286,0.4718,8926.36,357.0544,8750.0,C,0.0219178082
1.082529697,0.5293,8930.87,53.58522,8250.0,P,0.0219178082
1.2769571429,0.7513,8938.7,4.46935,7000.0,P,0.0219178082
1.1537470968,0.6079,8941.54,17.88308,7750.0,P,0.0219178082
1.11758625,0.5713,8940.69,31.292415,8000.0,P,0.0219178082
0.9168492308,0.5142,8939.28,49.16604,9750.0,C,0.0219178082
0.9932511111,0.4812,8939.26,236.89039,9000.0,C,0.0219178082
1.0516776471,0.4798,8939.26,84.92297,8500.0,P,0.0219178082
1.2330013793,0.784,8939.26,13.40889,7250.0,P,0.0219178082
0.8315590698,0.6254,8939.26,8.93926,10750.0,C,0.0219178082
1.022888,0.4775,8950.27,375.91134,8750.0,C,0.0219178082
1.022888,0.4775,8950.27,375.91134,8750.0,C,0.0219178082
0.9906111111,0.4788,8915.5,289.75375,9000.0,P,0.0219178082
1.0183462857,0.4706,8910.53,169.30007,8750.0,P,0.0219178082
1.0183337143,0.4618,8910.42,164.84277,8750.0,P,0.0219178082
0.9360863158,0.5232,8892.82,84.48179,9500.0,C,0.0219178082
0.9877477778,0.4808,8889.73,213.35352,9000.0,C,0.0219178082
1.0455964706,0.4727,8887.57,93.319485,8500.0,P,0.0219178082
1.0455964706,0.4727,8887.57,93.319485,8500.0,P,0.0219178082
1.0455964706,0.4727,8887.57,93.319485,8500.0,P,0.0219178082
1.0455964706,0.4727,8887.57,93.319485,8500.0,P,0.0219178082
1.111135,0.5501,8889.08,31.11178,8000.0,P,0.0219178082
0.9878,0.4701,8890.2,208.9197,9000.0,C,0.0219178082
0.960892973,0.4813,8888.26,124.43564,9250.0,C,0.0219178082
0.9870688889,0.4726,8883.62,302.04308,9000.0,P,0.0219178082
0.9898744444,0.4969,8908.87,231.63062,9000.0,C,0.0219178082
1.0481023529,0.4653,8908.87,84.634265,8500.0,P,0.0219178082
1.2288096552,0.7241,8908.87,8.90887,7250.0,P,0.0219178082
0.828732093,0.6355,8908.87,8.90887,10750.0,C,0.0219178082
1.0487741176,0.4495,8914.58,512.58835,8500.0,C,0.0219178082
0.9904433333,0.4907,8913.99,294.16167,9000.0,P,0.0219178082
0.9908711111,0.4622,8917.84,276.45304,9000.0,P,0.0219178082
0.9910155556,0.488,8919.14,231.89764,9000.0,C,0.0219178082
0.9643881081,0.5067,8920.59,147.189735,9250.0,C,0.0219178082
0.9391715789,0.5085,8922.13,84.760235,9500.0,C,0.0219178082
0.9393978947,0.5077,8924.28,84.78066,9500.0,C,0.0219178082
0.9149466667,0.5366,8920.73,53.52438,9750.0,C,0.0219178082
0.9389357895,0.5094,8919.89,84.738955,9500.0,C,0.0219178082
0.9903977778,0.5016,8913.58,236.20987,9000.0,C,0.0219178082
1.0486564706,0.47,8913.58,84.67901,8500.0,P,0.0219178082
1.2294593103,0.7279,8913.58,8.91358,7250.0,P,0.0219178082
0.8291702326,0.6352,8913.58,8.91358,10750.0,C,0.0219178082
0.9928388889,0.4731,8935.55,232.3243,9000.0,C,0.0219178082
0.9405757895,0.5015,8935.47,84.886965,9500.0,C,0.0219178082
0.9408642105,0.5005,8938.21,84.912995,9500.0,C,0.0219178082
0.9176102564,0.5278,8946.7,53.6802,9750.0,C,0.0219178082
0.894436,0.5621,8944.36,35.77744,10000.0,C,0.0219178082
1.0512529412,0.4835,8935.65,84.888675,8500.0,P,0.0219178082
1.0216,0.4896,8939.0,165.3715,8750.0,P,0.0219178082
0.87336,0.5823,8951.94,22.37985,10250.0,C,0.0219178082
0.9923688889,0.4762,8931.32,276.87092,9000.0,P,0.0219178082
1.1903986667,0.6322,8927.99,8.92799,7500.0,P,0.0219178082
1.0202548571,0.4555,8927.23,151.76291,8750.0,P,0.0219178082
1.0202662857,0.4554,8927.33,151.76461,8750.0,P,0.0219178082
1.0512023529,0.4732,8935.22,80.41698,8500.0,P,0.0219178082
1.2324441379,0.7908,8935.22,13.40283,7250.0,P,0.0219178082
0.8311832558,0.6296,8935.22,8.93522,10750.0,C,0.0219178082
0.8716985366,0.5885,8934.91,22.337275,10250.0,C,0.0219178082
0.8716858537,0.5885,8934.78,22.33695,10250.0,C,0.0219178082
0.9919744444,0.4823,8927.77,232.12202,9000.0,C,0.0219178082
0.8503609524,0.641,8928.79,17.85758,10500.0,C,0.0219178082
0.9929855556,0.4833,8936.87,236.827055,9000.0,C,0.0219178082
0.9923955556,0.4948,8931.56,241.15212,9000.0,C,0.0219178082
1.0825818182,0.5053,8931.3,44.6565,8250.0,P,0.0219178082
1.1908546667,0.722,8931.41,17.86282,7500.0,P,0.0219178082
1.1912333333,0.6837,8934.25,13.401375,7500.0,P,0.0219178082
0.894384,0.5642,8943.84,35.77536,10000.0,C,0.0219178082
0.9914044444,0.4705,8922.64,276.60184,9000.0,P,0.0219178082
1.0498870588,0.4899,8924.04,89.2404,8500.0,P,0.0219178082
1.0489611765,0.4739,8916.17,84.703615,8500.0,P,0.0219178082
1.2298165517,0.7856,8916.17,13.374255,7250.0,P,0.0219178082
1.0798533333,0.5254,8908.79,53.45274,8250.0,P,0.0219178082
1.11356125,0.5436,8908.49,26.72547,8000.0,P,0.0219178082
0.9619708108,0.4689,8898.23,120.126105,9250.0,C,0.0219178082
0.99147,0.4717,8923.23,223.08075,9000.0,C,0.0219178082
0.9912811111,0.4713,8921.53,276.56743,9000.0,P,0.0219178082
1.2291462069,0.7859,8911.31,13.366965,7250.0,P,0.0219178082
0.8289590698,0.6411,8911.31,8.91131,10750.0,C,0.0219178082
1.0483376471,0.4719,8910.87,84.653265,8500.0,P,0.0219178082
1.1881226667,0.7171,8910.92,17.82184,7500.0,P,0.0219178082
1.1498283871,0.6364,8911.17,22.277925,7750.0,P,0.0219178082
1.0180342857,0.4714,8907.8,164.7943,8750.0,P,0.0219178082
0.9906577778,0.4793,8915.92,222.898,9000.0,C,0.0219178082
0.9906577778,0.4793,8915.92,222.898,9000.0,C,0.0219178082
0.892103,0.5572,8921.03,31.223605,10000.0,C,0.0219178082
0.99341,0.4739,8940.69,268.2207,9000.0,P,0.0219178082
1.0202114286,0.4853,8926.85,165.146725,8750.0,P,0.0219178082
0.9918344444,0.4753,8926.51,276.72181,9000.0,P,0.0219178082
0.9919166667,0.4764,8927.25,276.74475,9000.0,P,0.0219178082
0.99171,0.4749,8925.39,276.68709,9000.0,P,0.0219178082
1.0818569697,0.5207,8925.32,49.08926,8250.0,P,0.0219178082
0.9917722222,0.4757,8925.95,276.70445,9000.0,P,0.0219178082
0.9931655556,0.4715,8938.49,268.1547,9000.0,P,0.0219178082
1.0223005714,0.4977,8945.13,380.168025,8750.0,C,0.0219178082
1.0552952941,0.5174,8970.01,578.565645,8500.0,C,0.0219178082
1.0253588571,0.4945,8971.89,394.76316,8750.0,C,0.0219178082
0.9975066667,0.4576,8977.56,246.8829,9000.0,P,0.0219178082
0.9717902703,0.4906,8989.06,157.30855,9250.0,C,0.0219178082
0.9717902703,0.4906,8989.06,157.30855,9250.0,C,0.0219178082
0.9717902703,0.4906,8989.06,157.30855,9250.0,C,0.0219178082
0.9987844444,0.4917,8989.06,260.68274,9000.0,C,0.0219178082
0.899672,0.5531,8996.72,35.98688,10000.0,C,0.0219178082
0.899672,0.5531,8996.72,35.98688,10000.0,C,0.0219178082
0.9473673684,0.494,8999.99,94.499895,9500.0,C,0.0219178082
1.0596776471,0.5058,9007.26,598.98279,8500.0,C,0.0219178082
0.9489736842,0.5046,9015.25,99.16775,9500.0,C,0.0219178082
1.0930206061,0.5315,9017.42,40.57839,8250.0,P,0.0219178082
1.0313771429,0.4761,9024.55,419.641575,8750.0,C,0.0219178082
1.0617117647,0.4928,9024.55,609.157125,8500.0,C,0.0219178082
0.9265876923,0.5164,9034.23,63.23961,9750.0,C,0.0219178082
1.0331234286,0.461,9039.83,424.87201,8750.0,C,0.0219178082
1.0039555556,0.4509,9035.6,271.068,9000.0,C,0.0219178082
1.0621035294,0.5102,9027.88,72.22304,8500.0,P,0.0219178082
0.975427027,0.5027,9022.7,378.9534,9250.0,P,0.0219178082
1.0311657143,0.4962,9022.7,135.3405,8750.0,P,0.0219178082
1.163876129,0.5133,9020.04,1294.37574,7750.0,C,0.0219178082
0.8799014634,0.5862,9018.99,27.05697,10250.0,C,0.0219178082
1.0325222857,0.468,9034.57,121.966695,8750.0,P,0.0219178082
1.0321405714,0.4831,9031.23,433.49904,8750.0,C,0.0219178082
1.0323451429,0.4689,9033.02,121.94577,8750.0,P,0.0219178082
0.9768767568,0.4857,9036.11,176.204145,9250.0,C,0.0219178082
0.977,0.482,9037.25,366.008625,9250.0,P,0.0219178082
0.9774216216,0.4945,9041.15,180.823,9250.0,C,0.0219178082
0.9778854054,0.4987,9045.44,185.43152,9250.0,C,0.0219178082
1.0058733333,0.5056,9052.86,307.79724,9000.0,C,0.0219178082
1.0339828571,0.4942,9047.35,452.3675,8750.0,C,0.0219178082
1.0339828571,0.5137,9047.35,461.41485,8750.0,C,0.0219178082
1.0329988571,0.5103,9038.74,140.10047,8750.0,P,0.0219178082
1.0329988571,0.5199,9038.74,144.61984,8750.0,P,0.0219178082
1.0029988889,0.5144,9026.99,297.89067,9000.0,C,0.0219178082
1.13059875,0.6032,9044.79,27.13437,8000.0,P,0.0219178082
1.0044144444,0.518,9039.73,244.07271,9000.0,P,0.0219178082
1.0044144444,0.4844,9039.73,289.27136,9000.0,C,0.0219178082
0.9772681081,0.5171,9039.73,194.354195,9250.0,C,0.0219178082
1.033112,0.4835,9039.73,126.55622,8750.0,P,0.0219178082
1.2052973333,0.7669,9039.73,18.07946,7500.0,P,0.0219178082
1.2468593103,0.8332,9039.73,13.559595,7250.0,P,0.0219178082
0.8217936364,0.6674,9039.73,9.03973,11000.0,C,0.0219178082
0.9548726316,0.5114,9071.29,122.462415,9500.0,C,0.0219178082
1.037808,0.5278,9080.82,134.396136,8750.0,P,0.0219178082
1.0089288889,0.4924,9080.36,317.8126,9000.0,C,0.0219178082
1.1341,0.5895,9072.8,22.682,8000.0,P,0.0219178082
1.0088311111,0.4944,9079.48,317.7818,9000.0,C,0.0219178082
0.9805340541,0.4851,9069.94,190.46874,9250.0,C,0.0219178082
1.0077966667,0.5063,9070.17,317.45595,9000.0,C,0.0219178082
1.00773,0.5154,9069.57,229.460121,9000.0,P,0.0219178082
0.906862,0.5647,9068.62,49.87741,10000.0,C,0.0219178082
0.9543757895,0.5148,9066.57,122.398695,9500.0,C,0.0219178082
0.9291302564,0.5175,9059.02,67.94265,9750.0,C,0.0219178082
0.9533452632,0.5315,9056.78,126.79492,9500.0,C,0.0219178082
1.0349634286,0.4849,9055.93,122.255055,8750.0,P,0.0219178082
1.0081022222,0.4851,9072.92,308.47928,9000.0,C,0.0219178082
1.0679741176,0.5196,9077.78,68.08335,8500.0,P,0.0219178082
1.0100011111,0.4846,9090.01,318.15035,9000.0,C,0.0219178082
0.9835967568,0.4898,9098.27,204.711075,9250.0,C,0.0219178082
1.0102644444,0.4856,9092.38,204.57855,9000.0,P,0.0219178082
0.9326974359,0.5486,9093.8,86.3911,9750.0,C,0.0219178082
0.9326974359,0.5486,9093.8,86.3911,9750.0,C,0.0219178082
0.9823005405,0.5011,9086.28,345.27864,9250.0,P,0.0219178082
0.864947619,0.6451,9081.95,27.24585,10500.0,C,0.0219178082
0.9556084211,0.5183,9078.28,127.09592,9500.0,C,0.0219178082
0.907787,0.5457,9077.87,45.38935,10000.0,C,0.0219178082
0.9553189474,0.5207,9075.53,127.05742,9500.0,C,0.0219178082
0.9313435897,0.5559,9080.6,86.2657,9750.0,C,0.0219178082
0.9554410526,0.5297,9076.69,131.612005,9500.0,C,0.0219178082
0.9305907692,0.5603,9073.26,86.19597,9750.0,C,0.0219178082
1.0674070588,0.5028,9072.96,63.51072,8500.0,P,0.0219178082
1.099769697,0.5757,9073.1,45.3655,8250.0,P,0.0219178082
0.9310717949,0.5578,9077.95,86.240525,9750.0,C,0.0219178082
1.1009006061,0.5633,9082.43,40.870935,8250.0,P,0.0219178082
1.1713832258,0.6354,9078.22,13.61733,7750.0,P,0.0219178082
0.9814237838,0.5154,9078.17,208.79791,9250.0,C,0.0219178082
1.0375051429,0.4801,9078.17,113.477125,8750.0,P,0.0219178082
1.2104226667,0.7412,9078.17,13.617255,7500.0,P,0.0219178082
1.2521613793,0.792,9078.17,9.07817,7250.0,P,0.0219178082
0.8252881818,0.6571,9078.17,9.07817,11000.0,C,0.0219178082
1.0100022222,0.4892,9090.02,318.1507,9000.0,C,0.0219178082
0.9833643243,0.495,9096.12,336.55644,9250.0,P,0.0219178082
1.1045490909,0.5386,9112.53,31.893855,8250.0,P,0.0219178082
1.1045490909,0.5386,9112.53,31.893855,8250.0,P,0.0219178082
0.8109048889,0.7579,9122.68,13.68402,11250.0,C,0.0219178082
0.8688266667,0.6332,9122.68,27.36804,10500.0,C,0.0219178082
1.0130955556,0.4827,9117.86,191.47506,9000.0,P,0.0219178082
0.985252973,0.5213,9113.59,227.83975,9250.0,C,0.0219178082
1.0421851429,0.4777,9119.12,492.43248,8750.0,C,0.0219178082
1.0424308571,0.4709,9121.27,492.54858,8750.0,C,0.0219178082
1.0134222222,0.4872,9120.8,191.5368,9000.0,P,0.0219178082
0.9598873684,0.5126,9118.93,136.78395,9500.0,C,0.0219178082
0.9846778378,0.4852,9108.27,323.343585,9250.0,P,0.0219178082
0.9583831579,0.5131,9104.64,132.01728,9500.0,C,0.0219178082
0.9844054054,0.4768,9105.75,200.3265,9250.0,C,0.0219178082
0.9851686486,0.5231,9112.81,341.730375,9250.0,P,0.0219178082
0.9584905263,0.5135,9105.66,132.03207,9500.0,C,0.0219178082
1.0096833333,0.4829,9087.15,204.460875,9000.0,P,0.0219178082
0.9823945946,0.4851,9087.15,336.22455,9250.0,P,0.0219178082
1.0385314286,0.4966,9087.15,118.13295,8750.0,P,0.0219178082
0.9823956757,0.5108,9087.16,209.00468,9250.0,C,0.0219178082
1.0385325714,0.4761,9087.16,109.04592,8750.0,P,0.0219178082
1.1014739394,0.5663,9087.16,40.89222,8250.0,P,0.0219178082
1.2116213333,0.7459,9087.16,13.63074,7500.0,P,0.0219178082
0.8261054545,0.7031,9087.16,13.63074,11000.0,C,0.0219178082
0.8077475556,0.7203,9087.16,9.08716,11250.0,C,0.0219178082
1.0098922222,0.4972,9089.03,322.660565,9000.0,C,0.0219178082
0.9596105263,0.4955,9116.3,127.6282,9500.0,C,0.0219178082
0.8678685714,0.6613,9112.62,31.89417,10500.0,C,0.0219178082
0.8678685714,0.6613,9112.62,31.89417,10500.0,C,0.0219178082
1.0126333333,0.4786,9113.7,191.3877,9000.0,P,0.0219178082
1.215496,0.757,9116.22,13.67433,7500.0,P,0.0219178082
1.13987125,0.637,9118.97,27.35691,8000.0,P,0.0219178082
0.986387027,0.4815,9124.08,209.85384,9250.0,C,0.0219178082
1.0134266667,0.4824,9120.84,332.91066,9000.0,C,0.0219178082
0.9859924324,0.4899,9120.43,319.21505,9250.0,P,0.0219178082
0.8899404878,0.6096,9121.89,41.048505,10250.0,C,0.0219178082
1.0426834286,0.5107,9123.48,114.0435,8750.0,P,0.0219178082
1.0130111111,0.4648,9117.1,182.342,9000.0,P,0.0219178082
0.9856205405,0.4701,9116.99,200.57378,9250.0,C,0.0219178082
1.0130411111,0.469,9117.37,323.666635,9000.0,C,0.0219178082
1.0409828571,0.4909,9108.6,109.3032,8750.0,P,0.0219178082
1.2151493333,0.7564,9113.62,13.67043,7500.0,P,0.0219178082
0.810344,0.8022,9116.37,18.23274,11250.0,C,0.0219178082
0.9603789474,0.5039,9123.6,132.2922,9500.0,C,0.0219178082
0.9602315789,0.5049,9122.2,132.2719,9500.0,C,0.0219178082
1.0138866667,0.5154,9124.98,351.31173,9000.0,C,0.0219178082
1.0741858824,0.5074,9130.58,54.78348,8500.0,P,0.0219178082
1.0432777143,0.4825,9128.68,100.41548,8750.0,P,0.0219178082
0.936614359,0.5319,9131.99,86.753905,9750.0,C,0.0219178082
1.1069115152,0.5274,9132.02,27.39606,8250.0,P,0.0219178082
1.01431,0.4926,9128.79,191.70459,9000.0,P,0.0219178082
1.0155922222,0.5027,9140.33,191.94693,9000.0,P,0.0219178082
1.0448834286,0.4711,9142.73,507.421515,8750.0,C,0.0219178082
0.9864713514,0.5071,9124.86,223.55907,9250.0,C,0.0219178082
1.0428411429,0.4808,9124.86,100.37346,8750.0,P,0.0219178082
1.216648,0.7615,9124.86,13.68729,7500.0,P,0.0219178082
0.8295327273,0.6921,9124.86,13.68729,11000.0,C,0.0219178082
0.8110986667,0.7102,9124.86,9.12486,11250.0,C,0.0219178082
0.9858572973,0.5132,9119.18,223.41991,9250.0,C,0.0219178082
1.2582,0.73,9121.95,4.560975,7250.0,P,0.0219178082
0.9865178378,0.5079,9125.29,223.569605,9250.0,C,0.0219178082
1.01386,0.4704,9124.74,328.49064,9000.0,C,0.0219178082
1.1058836364,0.5451,9123.54,31.93239,8250.0,P,0.0219178082
1.1041672727,0.5589,9109.38,36.43752,8250.0,P,0.0219178082
0.9841416216,0.4889,9103.31,327.71916,9250.0,P,0.0219178082
0.9579189474,0.5024,9100.23,500.51265,9500.0,P,0.0219178082
1.0109277778,0.4965,9098.35,327.5406,9000.0,C,0.0219178082
0.9577210526,0.5186,9098.35,131.926075,9500.0,C,0.0219178082
0.9577210526,0.5186,9098.35,131.926075,9500.0,C,0.0219178082
0.908831,0.5925,9088.31,59.074015,10000.0,C,0.0219178082
0.9842086486,0.4998,9103.93,209.39039,9250.0,C,0.0219178082
0.8088124444,0.769,9099.14,13.64871,11250.0,C,0.0219178082
1.0106922222,0.4853,9096.23,318.36805,9000.0,C,0.0219178082
1.1365,0.6015,9092.0,22.73,8000.0,P,0.0219178082
0.9822421622,0.4853,9085.74,336.17238,9250.0,P,0.0219178082
1.0382937143,0.4832,9085.07,467.881105,8750.0,C,0.0219178082
1.0686670588,0.5124,9083.67,63.58569,8500.0,P,0.0219178082
0.9314728205,0.5356,9081.86,77.19581,9750.0,C,0.0219178082
1.0092966667,0.4988,9083.67,317.92845,9000.0,C,0.0219178082
1.2542841379,0.7229,9093.56,4.54678,7250.0,P,0.0219178082
0.9323569231,0.5431,9090.48,81.81432,9750.0,C,0.0219178082
0.9826162162,0.4932,9089.2,199.9624,9250.0,C,0.0219178082
0.9811145946,0.4865,9075.31,340.324125,9250.0,P,0.0219178082
1.00829,0.503,9074.61,317.61135,9000.0,C,0.0219178082
1.00829,0.4869,9074.61,208.71603,9000.0,P,0.0219178082
0.9809935135,0.493,9074.19,344.81922,9250.0,P,0.0219178082
1.0075555556,0.5061,9068.0,222.166,9000.0,P,0.0219178082
1.13349375,0.5933,9067.95,22.669875,8000.0,P,0.0219178082
1.0081044444,0.4892,9072.94,308.47996,9000.0,C,0.0219178082
1.1005406061,0.5668,9079.46,40.85757,8250.0,P,0.0219178082
1.1007793939,0.5682,9081.43,40.866435,8250.0,P,0.0219178082
0.9818518919,0.515,9082.13,208.88899,9250.0,C,0.0219178082
1.0379577143,0.4774,9082.13,108.98556,8750.0,P,0.0219178082
1.2109506667,0.7492,9082.13,13.623195,7500.0,P,0.0219178082
0.8256481818,0.7075,9082.13,13.623195,11000.0,C,0.0219178082
0.8073004444,0.7248,9082.13,9.08213,11250.0,C,0.0219178082
1.0676129412,0.5262,9074.71,68.967796,8500.0,P,0.0219178082
1.0687564706,0.5282,9084.43,68.133225,8500.0,P,0.0219178082
1.0692141176,0.5303,9088.32,68.1624,8500.0,P,0.0219178082
1.0692058824,0.5307,9088.25,68.161875,8500.0,P,0.0219178082
1.0096744444,0.5147,9087.07,218.08968,9000.0,P,0.0219178082
1.0690129412,0.53,9086.61,68.149575,8500.0,P,0.0219178082
0.9583063158,0.5175,9103.91,132.006695,9500.0,C,0.0219178082
0.9823481081,0.49,9086.72,336.20864,9250.0,P,0.0219178082
0.980707027,0.5179,9071.54,204.10965,9250.0,C,0.0219178082
1.0367474286,0.4805,9071.54,113.39425,8750.0,P,0.0219178082
1.2095386667,0.7465,9071.54,13.60731,7500.0,P,0.0219178082
0.8246854545,0.7137,9071.54,13.60731,11000.0,C,0.0219178082
0.8063591111,0.7308,9071.54,9.07154,11250.0,C,0.0219178082
1.0668188235,0.5334,9067.96,72.54368,8500.0,P,0.0219178082
1.00844,0.4697,9075.96,199.67112,9000.0,P,0.0219178082
0.9547821053,0.516,9070.43,526.08494,9500.0,P,0.0219178082
0.9781383784,0.5088,9047.78,190.00338,9250.0,C,0.0219178082
0.9520873684,0.5246,9044.83,117.58279,9500.0,C,0.0219178082
1.0050088889,0.4852,9045.08,289.44256,9000.0,C,0.0219178082
1.1303,0.6116,9042.4,27.1272,8000.0,P,0.0219178082
1.0044622222,0.4921,9040.16,226.004,9000.0,P,0.0219178082
1.0044622222,0.4921,9040.16,226.004,9000.0,P,0.0219178082
1.0347428571,0.5025,9054.0,126.756,8750.0,P,0.0219178082
1.0655505882,0.53,9057.18,72.45744,8500.0,P,0.0219178082
1.0069622222,0.4831,9062.66,299.06778,9000.0,C,0.0219178082
0.9797351351,0.5055,9062.55,194.844825,9250.0,C,0.0219178082
1.03572,0.4888,9062.55,117.81315,8750.0,P,0.0219178082
1.20834,0.7468,9062.55,13.593825,7500.0,P,0.0219178082
0.80556,0.7849,9062.55,13.593825,11250.0,C,0.0219178082
1.0069611111,0.4831,9062.65,299.06745,9000.0,C,0.0219178082
1.0381485714,0.5023,9083.8,118.0894,8750.0,P,0.0219178082
1.0691811765,0.5066,9088.04,59.07226,8500.0,P,0.0219178082
1.0691823529,0.5066,9088.05,59.072325,8500.0,P,0.0219178082
1.0398605714,0.5026,9098.78,113.73475,8750.0,P,0.0219178082
0.9835891892,0.4913,9098.2,327.5352,9250.0,P,0.0219178082
0.9824886486,0.496,9088.02,336.25674,9250.0,P,0.0219178082
1.1041757576,0.5659,9109.45,36.4378,8250.0,P,0.0219178082
1.1763974194,0.6599,9117.08,13.67562,7750.0,P,0.0219178082
1.0134666667,0.4747,9121.2,328.3632,9000.0,C,0.0219178082
0.9607989474,0.5047,9127.59,132.350055,9500.0,C,0.0219178082
1.1752722581,0.6574,9108.36,13.66254,7750.0,P,0.0219178082
0.9840335135,0.5025,9102.31,209.35313,9250.0,C,0.0219178082
1.040264,0.4843,9102.31,104.676565,8750.0,P,0.0219178082
1.2136413333,0.7627,9102.31,13.653465,7500.0,P,0.0219178082
0.8090942222,0.7241,9102.31,9.10231,11250.0,C,0.0219178082
0.9567578947,0.5001,9089.2,118.1596,9500.0,C,0.0219178082
0.9836735135,0.4888,9098.98,200.17756,9250.0,C,0.0219178082
0.9837081081,0.4887,9099.3,200.1846,9250.0,C,0.0219178082
0.983667027,0.4918,9098.92,327.56112,9250.0,P,0.0219178082
0.9837232432,0.4929,9099.44,327.57984,9250.0,P,0.0219178082
0.9837124324,0.4884,9099.34,200.18548,9250.0,C,0.0219178082
1.1357575,0.6338,9086.06,27.25818,8000.0,P,0.0219178082
0.9570684211,0.4983,9092.15,118.19795,9500.0,C,0.0219178082
1.10408,0.5674,9108.66,36.43464,8250.0,P,0.0219178082
0.9859027027,0.4918,9119.6,209.7508,9250.0,C,0.0219178082
0.9857221622,0.4826,9117.93,205.153425,9250.0,C,0.0219178082
1.0418057143,0.472,9115.8,95.7159,8750.0,P,0.0219178082
0.9855459459,0.4776,9116.3,309.9542,9250.0,P,0.0219178082
1.2163266667,0.7723,9122.45,13.683675,7500.0,P,0.0219178082
0.8108844444,0.7195,9122.45,9.12245,11250.0,C,0.0219178082
1.1053369697,0.5727,9119.03,36.47612,8250.0,P,0.0219178082
1.10608,0.5754,9125.16,36.50064,8250.0,P,0.0219178082
1.0735282353,0.5428,9124.99,63.87493,8500.0,P,0.0219178082
1.1066375758,0.5787,9129.76,36.51904,8250.0,P,0.0219178082
1.1058327273,0.5742,9123.12,36.49248,8250.0,P,0.0219178082
0.912507,0.5505,9125.07,50.187885,10000.0,C,0.0219178082
0.9847848649,0.488,9109.26,318.8241,9250.0,P,0.0219178082
0.9860010811,0.5005,9120.51,214.331985,9250.0,C,0.0219178082
1.2160573333,0.7729,9120.43,13.680645,7500.0,P,0.0219178082
0.912284,0.5836,9122.84,59.29846,10000.0,C,0.0219178082
0.912147,0.5845,9121.47,59.289555,10000.0,C,0.0219178082
0.9356420513,0.5455,9122.51,86.663845,9750.0,C,0.0219178082
0.9612621053,0.5152,9131.99,136.97985,9500.0,C,0.0219178082
0.9612621053,0.5152,9131.99,136.97985,9500.0,C,0.0219178082
0.8111875556,0.7218,9125.86,9.12586,11250.0,C,0.0219178082
1.2588551724,0.745,9126.7,4.56335,7250.0,P,0.0219178082
0.9865621622,0.4902,9125.7,310.2738,9250.0,P,0.0219178082
1.1048412121,0.5524,9114.94,31.90229,8250.0,P,0.0219178082
0.9593957895,0.5275,9114.26,136.7139,9500.0,C,0.0219178082
0.916878,0.5498,9168.78,55.01268,10000.0,C,0.0219178082
0.9899210811,0.4879,9156.77,293.01664,9250.0,P,0.0219178082
1.0453771429,0.4753,9147.05,507.661275,8750.0,C,0.0219178082
0.9350933333,0.5386,9117.16,82.05444,9750.0,C,0.0219178082
1.0123711111,0.4855,9111.34,323.45257,9000.0,C,0.0219178082
1.0123488889,0.4861,9111.14,323.44547,9000.0,C,0.0219178082
1.0717388235,0.5238,9109.78,59.21357,8500.0,P,0.0219178082
1.0164533333,0.4907,9148.08,347.62704,9000.0,C,0.0219178082
0.8113742222,0.7772,9127.96,13.69194,11250.0,C,0.0219178082
0.9857178378,0.484,9117.89,310.00826,9250.0,P,0.0219178082
0.9850313514,0.5041,9111.54,209.56542,9250.0,C,0.0219178082
1.0730941176,0.5173,9121.3,54.7278,8500.0,P,0.0219178082
1.0121355556,0.48,9109.22,186.73901,9000.0,P,0.0219178082
0.9844594595,0.4876,9106.25,318.71875,9250.0,P,0.0219178082
1.0110855556,0.4824,9099.77,191.09517,9000.0,P,0.0219178082
1.1398375,0.6287,9118.7,22.79675,8000.0,P,0.0219178082
0.8106995556,0.7813,9120.37,13.680555,11250.0,C,0.0219178082
0.8884302439,0.5929,9106.41,31.872435,10250.0,C,0.0219178082
1.0113544444,0.4871,9102.19,191.14599,9000.0,P,0.0219178082
0.8461637209,0.6485,9096.26,13.64439,10750.0,C,0.0219178082
0.8460995349,0.6486,9095.57,13.643355,10750.0,C,0.0219178082
0.8463144186,0.648,9097.88,13.64682,10750.0,C,0.0219178082
1.03936,0.4894,9094.4,104.5856,8750.0,P,0.0219178082
1.0104333333,0.4919,9093.9,195.51885,9000.0,P,0.0219178082
